song|genre|difficulty|level|type|score|version|internal_level
踊|POPS＆ANIME|Re:MASTER|13|DX|99.1334%|FESTiVAL|13.2
うっせぇわ|POPS＆ANIME|Re:MASTER|13|DX|99.5378%|UNiVERSE|13.2
夜に駆ける|POPS＆ANIME|Re:MASTER|12+|DX|97.6375%|UNiVERSE|12.8
廻廻奇譚|POPS＆ANIME|Re:MASTER|13|DX|98.6484%|UNiVERSE|13.3
くらべられっ子|POPS＆ANIME|Re:MASTER|13|DX|99.3467%|UNiVERSE PLUS|13.0
Virtual to LIVE|POPS＆ANIME|Re:MASTER|12+|DX|100.1774%|Splash|N/A
冬のこもりうた|POPS＆ANIME|Re:MASTER|13|DX|100.3917%|Splash PLUS|N/A
only my railgun|POPS＆ANIME|Re:MASTER|12|STANDARD|99.7276%|FiNALE|N/A
フォニイ|niconico＆VOCALOID™|Re:MASTER|13|DX|100.5582%|FESTiVAL|13.3
ヴィラン|niconico＆VOCALOID™|Re:MASTER|13|DX|99.2817%|FESTiVAL|13.0
ヴァンパイア|niconico＆VOCALOID™|Re:MASTER|13|DX|100.1721%|UNiVERSE PLUS|13.4
ヒバナ|niconico＆VOCALOID™|Re:MASTER|13|STANDARD|100.5448%|FiNALE|N/A
妄想感傷代償連盟|niconico＆VOCALOID™|Re:MASTER|13|STANDARD|97.4030%|MiLK PLUS|N/A
テレキャスタービーボーイ|niconico＆VOCALOID™|Re:MASTER|12+|DX|99.7464%|UNiVERSE|12.8
お気に召すまま|niconico＆VOCALOID™|Re:MASTER|13|STANDARD|99.3699%|FiNALE|N/A
インビジブル|niconico＆VOCALOID™|Re:MASTER|13+|STANDARD|99.8652%|MiLK PLUS|N/A
39|niconico＆VOCALOID™|Re:MASTER|13|STANDARD|98.7593%|maimai PLUS|13.4
結ンデ開イテ羅刹ト骸|niconico＆VOCALOID™|Re:MASTER|13|STANDARD|99.0217%|FiNALE|13.3
マトリョシカ|niconico＆VOCALOID™|Re:MASTER|13|STANDARD|100.2022%|maimai|13.2
ZIGG-ZAGG|niconico＆VOCALOID™|Re:MASTER|12|STANDARD|89.0608%|maimai|N/A
ロストワンの号哭|niconico＆VOCALOID™|Re:MASTER|14|STANDARD|97.3014%|ORANGE PLUS|14.2
エピクロスの虹はもう見えない|東方Project|Re:MASTER|13|STANDARD|99.3546%|GreeN PLUS|13.2
Bad Apple!! feat nomico|東方Project|Re:MASTER|13|STANDARD|97.9151%|GreeN|13.3
患部で止まってすぐ溶ける～狂気の優曇華院|東方Project|Re:MASTER|14|STANDARD|97.1965%|GreeN PLUS|14.0
Southern Cross|GAME＆VARIETY|Re:MASTER|13+|DX|97.5504%|UNiVERSE|N/A
Crush On You|GAME＆VARIETY|Re:MASTER|13+|STANDARD|92.9516%|maimai|13.7
In Chaos|GAME＆VARIETY|Re:MASTER|14+|STANDARD|92.6449%|maimai|14.8
Beat Of Mind|GAME＆VARIETY|Re:MASTER|14|STANDARD|88.8017%|maimai|14.2
源平大戦絵巻テーマソング|GAME＆VARIETY|Re:MASTER|14|STANDARD|96.2217%|maimai|14.4
超常マイマイン|maimai|Re:MASTER|13+|DX|96.6381%|maimaiでらっくす|13.8
シエルブルーマルシェ|maimai|Re:MASTER|13+|DX|98.1713%|maimaiでらっくす PLUS|13.7
みんなのマイマイマー|maimai|Re:MASTER|13+|STANDARD|98.3355%|GreeN|13.7
planet dancer|maimai|Re:MASTER|13|STANDARD|97.9533%|ORANGE|13.5
Endless World|maimai|Re:MASTER|13|STANDARD|99.7872%|maimai PLUS|13.4
ジングルベル|maimai|Re:MASTER|14|STANDARD|94.1399%|maimai|14.0
Alea jacta est!|maimai|Re:MASTER|14+|STANDARD|96.8786%|FiNALE|N/A
the EmpErroR|maimai|Re:MASTER|14+|STANDARD|96.8152%|FiNALE|14.9
ガラテアの螺旋|maimai|Re:MASTER|14+|STANDARD|97.8805%|ORANGE PLUS|N/A
QZKago Requiem|maimai|Re:MASTER|14+|STANDARD|92.1372%|FiNALE|14.9
MAXRAGE|maimai|Re:MASTER|14|DX|95.5604%|maimaiでらっくす|14.3
PANDORA PARADOXXX|maimai|Re:MASTER|15|STANDARD|87.2817%|FiNALE|15.0
Panopticon|maimai|Re:MASTER|14|STANDARD|92.9970%|MURASAKi|14.1
雷切-RAIKIRI-|maimai|Re:MASTER|14+|STANDARD|90.2951%|FiNALE|14.8
Schwarzschild|maimai|Re:MASTER|14+|STANDARD|92.8806%|FiNALE|14.9
Fragrance|maimai|Re:MASTER|14|STANDARD|97.0015%|maimai PLUS|14.5
うっせぇわ|POPS＆ANIME|MASTER|11+|DX|98.3797%|UNiVERSE|N/A
残響散歌|POPS＆ANIME|MASTER|13+|DX|100.1987%|FESTiVAL|13.7
夜に駆ける|POPS＆ANIME|MASTER|11|DX|97.9454%|UNiVERSE|N/A
くらべられっ子|POPS＆ANIME|MASTER|11|DX|100.5746%|UNiVERSE PLUS|11.5
あの世行きのバスに乗ってさらば。|POPS＆ANIME|MASTER|13|DX|100.0073%|UNiVERSE PLUS|13.2
泥の分際で私だけの大切を奪おうだなんて|POPS＆ANIME|MASTER|13|DX|99.3657%|UNiVERSE|N/A
　|POPS＆ANIME|MASTER|12+|DX|100.5421%|UNiVERSE PLUS|12.8
Princess♂|POPS＆ANIME|MASTER|13+|DX|96.1376%|UNiVERSE PLUS|13.7
Photon Melodies|POPS＆ANIME|MASTER|13|DX|97.9131%|UNiVERSE PLUS|13.2
吾輩よ猫であれ|POPS＆ANIME|MASTER|12|DX|100.2040%|UNiVERSE PLUS|12.0
剣を抜け！GCCX MAX|POPS＆ANIME|MASTER|13|DX|97.0466%|UNiVERSE PLUS|13.0
ヒトガタ|POPS＆ANIME|MASTER|13|DX|98.9941%|UNiVERSE PLUS|13.4
オントロジー|POPS＆ANIME|MASTER|12+|DX|99.5799%|UNiVERSE PLUS|12.8
VOLTAGE|POPS＆ANIME|MASTER|13|DX|98.9333%|UNiVERSE|N/A
Shiny Smily Story|POPS＆ANIME|MASTER|12|DX|97.2450%|Splash PLUS|N/A
セハガガガンバッちゃう！！|POPS＆ANIME|MASTER|13|STANDARD|98.7969%|PiNK PLUS|13.3
美しく燃える森|POPS＆ANIME|MASTER|10+|STANDARD|99.4498%|maimai|N/A
NIGHT OF FIRE|POPS＆ANIME|MASTER|11+|STANDARD|99.7159%|maimai|N/A
fake!fake!|POPS＆ANIME|MASTER|13|STANDARD|95.5223%|PiNK PLUS|12.9
日本の米は世界一|POPS＆ANIME|MASTER|13|STANDARD|97.4475%|MURASAKi PLUS|13.3
ウッーウッーウマウマ(ﾟ∀ﾟ)|POPS＆ANIME|MASTER|13|STANDARD|98.8567%|maimai|13.3
Rodeo Machine|POPS＆ANIME|MASTER|13|STANDARD|97.3520%|MiLK PLUS|13.5
にじよめちゃん体操第一億|POPS＆ANIME|MASTER|13+|STANDARD|97.7359%|MiLK PLUS|13.5
インドア系ならトラックメイカー|POPS＆ANIME|MASTER|13|DX|98.3681%|UNiVERSE|13.2
EYE|niconico＆VOCALOID™|MASTER|12+|DX|100.4841%|FESTiVAL|12.9
エンヴィーベイビー|niconico＆VOCALOID™|MASTER|13|DX|100.1665%|UNiVERSE PLUS|12.9
KING|niconico＆VOCALOID™|MASTER|12+|DX|99.6596%|Splash PLUS|N/A
アニマル|niconico＆VOCALOID™|MASTER|13|DX|100.6291%|FESTiVAL|13.1
ジレンマ|niconico＆VOCALOID™|MASTER|12+|DX|99.9697%|FESTiVAL|12.9
ヴァンパイア|niconico＆VOCALOID™|MASTER|11+|DX|99.9860%|UNiVERSE PLUS|11.7
アンドロイドガール|niconico＆VOCALOID™|MASTER|12+|DX|99.5195%|maimaiでらっくす PLUS|12.9
ヒバナ|niconico＆VOCALOID™|MASTER|11+|STANDARD|99.4730%|FiNALE|N/A
ゴーストルール|niconico＆VOCALOID™|MASTER|13|STANDARD|99.3570%|MURASAKi|N/A
モザイクロール|niconico＆VOCALOID™|MASTER|13|DX|100.4884%|GreeN|N/A
モザイクロール|niconico＆VOCALOID™|MASTER|12+|STANDARD|99.6635%|GreeN|N/A
エゴロック|niconico＆VOCALOID™|MASTER|13+|DX|99.7772%|UNiVERSE PLUS|13.7
ジャンキーナイトタウンオーケストラ|niconico＆VOCALOID™|MASTER|12+|DX|100.1948%|UNiVERSE PLUS|12.9
テレキャスタービーボーイ|niconico＆VOCALOID™|MASTER|11+|DX|99.9354%|UNiVERSE|N/A
表裏一体|niconico＆VOCALOID™|MASTER|12+|DX|99.6839%|maimaiでらっくす PLUS|N/A
初音天地開闢神話|niconico＆VOCALOID™|MASTER|13+|DX|98.0457%|UNiVERSE PLUS|13.9
僕は空気が嫁ない|niconico＆VOCALOID™|MASTER|13|DX|99.5038%|UNiVERSE|13.2
デッドマンズバラッド|niconico＆VOCALOID™|MASTER|14|DX|91.1703%|UNiVERSE|14.2
終点|niconico＆VOCALOID™|MASTER|13+|STANDARD|98.8492%|FiNALE|N/A
グッバイ宣言|niconico＆VOCALOID™|MASTER|12+|DX|99.2313%|UNiVERSE|12.7
春嵐|niconico＆VOCALOID™|MASTER|13|DX|97.3337%|UNiVERSE|N/A
幽霊東京|niconico＆VOCALOID™|MASTER|12|DX|100.3029%|Splash PLUS|N/A
命に嫌われている|niconico＆VOCALOID™|MASTER|12+|DX|94.9016%|Splash|N/A
だれかの心臓になれたなら|niconico＆VOCALOID™|MASTER|11+|DX|98.2423%|maimaiでらっくす|N/A
悪魔の踊り方|niconico＆VOCALOID™|MASTER|13|DX|97.6549%|UNiVERSE|13.0
失敗作少女|niconico＆VOCALOID™|MASTER|13|DX|98.2718%|UNiVERSE|N/A
劣等上等|niconico＆VOCALOID™|MASTER|13|DX|99.9787%|Splash|N/A
ロールプレイングゲーム|niconico＆VOCALOID™|MASTER|12|STANDARD|98.9485%|FiNALE|N/A
すーぱーぬこになれんかった|niconico＆VOCALOID™|MASTER|13|DX|98.3764%|maimaiでらっくす PLUS|13.0
すーぱーぬこになりたい|niconico＆VOCALOID™|MASTER|13+|STANDARD|97.7718%|MURASAKi|N/A
初音ミクの激唱|niconico＆VOCALOID™|MASTER|14|STANDARD|97.0670%|MiLK PLUS|14.3
初音ミクの消失|niconico＆VOCALOID™|MASTER|13+|STANDARD|97.0241%|PiNK|13.9
リモコン|niconico＆VOCALOID™|MASTER|13|DX|98.8550%|UNiVERSE|13.2
アカツキアライヴァル|niconico＆VOCALOID™|MASTER|13|DX|99.0301%|UNiVERSE|13.0
セツナトリップ|niconico＆VOCALOID™|MASTER|13|DX|97.4764%|GreeN|N/A
ポッピンキャンディ☆フィーバー！|niconico＆VOCALOID™|MASTER|12+|DX|98.7919%|UNiVERSE|12.9
スターリースカイ☆パレード|niconico＆VOCALOID™|MASTER|12|DX|96.6501%|maimaiでらっくす PLUS|N/A
Alice in 冷凍庫|niconico＆VOCALOID™|MASTER|12+|DX|97.2026%|Splash PLUS|N/A
メルティランドナイトメア|niconico＆VOCALOID™|MASTER|11+|DX|99.1503%|maimaiでらっくす|N/A
ヒビカセ|niconico＆VOCALOID™|MASTER|13|STANDARD|94.2786%|MiLK PLUS|N/A
+♂|niconico＆VOCALOID™|MASTER|13|STANDARD|99.7891%|PiNK|N/A
おこちゃま戦争|niconico＆VOCALOID™|MASTER|13|STANDARD|99.2613%|ORANGE|13.3
猫猫的宇宙論|niconico＆VOCALOID™|MASTER|12+|DX|98.3832%|Splash PLUS|N/A
太陽系デスコ|niconico＆VOCALOID™|MASTER|11+|DX|98.1700%|maimaiでらっくす|N/A
ダンスロボットダンス|niconico＆VOCALOID™|MASTER|13|STANDARD|91.2758%|MiLK|N/A
エイリアンエイリアン|niconico＆VOCALOID™|MASTER|12+|STANDARD|99.6652%|MURASAKi PLUS|N/A
アルティメットセンパイ|niconico＆VOCALOID™|MASTER|13|DX|99.6101%|Splash PLUS|13.0
ありふれたせかいせいふく|niconico＆VOCALOID™|MASTER|13|STANDARD|98.1576%|PiNK|13.4
腐れ外道とチョコレゐト|niconico＆VOCALOID™|MASTER|13+|STANDARD|98.3862%|maimai PLUS|13.4
フラジール|niconico＆VOCALOID™|MASTER|12+|STANDARD|100.1452%|MURASAKi PLUS|N/A
フィクサー|niconico＆VOCALOID™|MASTER|13|STANDARD|99.5610%|MiLK PLUS|N/A
絶え間なく藍色|niconico＆VOCALOID™|MASTER|13|DX|98.1906%|Splash|13.2
メルト|niconico＆VOCALOID™|MASTER|11+|DX|97.8219%|maimaiでらっくす|N/A
デンパラダイム|niconico＆VOCALOID™|MASTER|13|DX|99.2694%|maimaiでらっくす|13.3
骸骨楽団とリリア|niconico＆VOCALOID™|MASTER|13|DX|97.7756%|maimaiでらっくす|N/A
Strobe♡Girl|niconico＆VOCALOID™|MASTER|12|DX|98.0248%|maimaiでらっくす|N/A
六兆年と一夜物語|niconico＆VOCALOID™|MASTER|13|DX|99.3163%|ORANGE PLUS|13.3
六兆年と一夜物語|niconico＆VOCALOID™|MASTER|13+|STANDARD|79.9426%|ORANGE PLUS|13.3
インビジブル|niconico＆VOCALOID™|MASTER|12|STANDARD|99.2514%|MiLK PLUS|N/A
拝啓ドッペルゲンガー|niconico＆VOCALOID™|MASTER|13+|STANDARD|82.8420%|MiLK|N/A
人生リセットボタン|niconico＆VOCALOID™|MASTER|13+|STANDARD|98.3230%|MiLK|N/A
39|niconico＆VOCALOID™|MASTER|12+|STANDARD|91.4971%|maimai PLUS|12.9
ARROW|niconico＆VOCALOID™|MASTER|13|STANDARD|97.3512%|MURASAKi PLUS|N/A
チュルリラ・チュルリラ・ダッダッダ！|niconico＆VOCALOID™|MASTER|13|STANDARD|98.1143%|MURASAKi|N/A
脳漿炸裂ガール|niconico＆VOCALOID™|MASTER|13+|STANDARD|94.1466%|GreeN|13.9
夜咄ディセイブ|niconico＆VOCALOID™|MASTER|13|STANDARD|98.1755%|GreeN|13.4
ウミユリ海底譚|niconico＆VOCALOID™|MASTER|13|STANDARD|99.8074%|ORANGE PLUS|N/A
恋愛裁判|niconico＆VOCALOID™|MASTER|11+|STANDARD|98.9999%|PiNK PLUS|N/A
ドーナツホール|niconico＆VOCALOID™|MASTER|13+|STANDARD|99.0572%|MiLK|N/A
砂の惑星 feat. HATSUNE MIKU|niconico＆VOCALOID™|MASTER|13|STANDARD|97.7964%|MiLK|N/A
アンノウン・マザーグース|niconico＆VOCALOID™|MASTER|13|STANDARD|97.8841%|MiLK|13.3
ワールズエンド・ダンスホール|niconico＆VOCALOID™|MASTER|12+|STANDARD|96.6297%|maimai|N/A
深海少女|niconico＆VOCALOID™|MASTER|13|STANDARD|90.9313%|GreeN PLUS|N/A
トルコ行進曲 - オワタ＼(^o^)／|niconico＆VOCALOID™|MASTER|13+|STANDARD|98.0391%|GreeN|N/A
天ノ弱|niconico＆VOCALOID™|MASTER|13|STANDARD|99.2878%|GreeN|13.3
幸せになれる隠しコマンドがあるらしい|niconico＆VOCALOID™|MASTER|13+|STANDARD|97.3044%|MURASAKi PLUS|N/A
キレキャリオン|niconico＆VOCALOID™|MASTER|13|STANDARD|99.6383%|MiLK|13.1
ロストワンの号哭|niconico＆VOCALOID™|MASTER|13|STANDARD|97.4447%|ORANGE PLUS|13.5
赤心性：カマトト荒療治|niconico＆VOCALOID™|MASTER|13+|STANDARD|98.9032%|ORANGE PLUS|N/A
StargazeR|niconico＆VOCALOID™|MASTER|12|STANDARD|99.6454%|MURASAKi|N/A
みくみくにしてあげる♪【してやんよ】|niconico＆VOCALOID™|MASTER|11+|STANDARD|95.9613%|ORANGE PLUS|N/A
おちゃめ機能|niconico＆VOCALOID™|MASTER|13|STANDARD|99.0938%|maimai PLUS|N/A
共感覚おばけ|niconico＆VOCALOID™|MASTER|13|STANDARD|96.8992%|MiLK|N/A
木彫り鯰と右肩ゾンビ|niconico＆VOCALOID™|MASTER|13|STANDARD|92.7195%|PiNK PLUS|13.3
デッドレッドガールズ|niconico＆VOCALOID™|MASTER|13+|STANDARD|98.0930%|ORANGE PLUS|N/A
スカーレット警察のゲットーパトロール24時|東方Project|MASTER|13|DX|100.2546%|FESTiVAL|13.5
銀のめぐり|東方Project|MASTER|12+|DX|99.1047%|FESTiVAL|12.9
Destiny Runner|東方Project|MASTER|13+|DX|99.1953%|FESTiVAL|13.9
三妖精SAY YA!!!|東方Project|MASTER|13|DX|98.7910%|UNiVERSE PLUS|13.3
悪戯センセーション|東方Project|MASTER|12+|DX|97.4065%|Splash|12.7
月に叢雲華に風|東方Project|MASTER|12|DX|100.0799%|PiNK PLUS|13.2
大輪の魂 (feat. AO, 司芭扶)|東方Project|MASTER|13|DX|98.5189%|UNiVERSE PLUS|13.4
天狗の落とし文 feat. ｙｔｒ|東方Project|MASTER|12+|STANDARD|96.0152%|MiLK|N/A
Armageddon|東方Project|MASTER|13+|DX|97.2698%|UNiVERSE PLUS|14.0
Calamity Fortune|東方Project|MASTER|13|DX|99.5453%|MURASAKi PLUS|14.1
Calamity Fortune|東方Project|MASTER|14|STANDARD|96.0508%|MURASAKi PLUS|14.1
ロストワードクロニカル|東方Project|MASTER|13|DX|98.4865%|Splash PLUS|13.2
神々が恋した幻想郷|東方Project|MASTER|13|DX|97.5583%|UNiVERSE|N/A
紅星ミゼラブル～廃憶編|東方Project|MASTER|13|DX|98.7657%|UNiVERSE|13.2
マツヨイナイトバグ|東方Project|MASTER|13+|DX|97.9779%|UNiVERSE|N/A
ナイト・オブ・ナイツ (Cranky Remix)|東方Project|MASTER|13|DX|99.7418%|maimaiでらっくす|N/A
ナイト・オブ・ナイツ|東方Project|MASTER|13|STANDARD|99.7224%|GreeN|N/A
Help me, ERINNNNNN!!|東方Project|MASTER|12|STANDARD|96.1140%|GreeN|N/A
ウサテイ|東方Project|MASTER|13+|STANDARD|96.9964%|GreeN|13.9
クレイジークレイジーダンサーズ|東方Project|MASTER|11+|STANDARD|100.5283%|FiNALE|N/A
幻想に咲いた花|東方Project|MASTER|13|DX|97.3490%|UNiVERSE|13.1
Sweets Time|東方Project|MASTER|13|DX|98.7658%|UNiVERSE|13.0
幻想のサテライト|東方Project|MASTER|13+|STANDARD|94.6080%|GreeN PLUS|13.6
オーディエンスを沸かす程度の能力 feat.タイツォン|東方Project|MASTER|13+|STANDARD|97.0007%|MURASAKi PLUS|N/A
No Routine|東方Project|MASTER|13|STANDARD|99.7630%|PiNK PLUS|N/A
Scream out! -maimai SONIC WASHER Edit-|東方Project|MASTER|13|DX|99.4433%|MURASAKi|13.6
絡繰りドール|東方Project|MASTER|12+|DX|97.0915%|Splash|N/A
INFINITE WORLD|東方Project|MASTER|12|STANDARD|94.4736%|MiLK PLUS|N/A
Grip & Break down !!|東方Project|MASTER|13|DX|99.7750%|GreeN|13.5
チルノのパーフェクトさんすう教室　⑨周年バージョン|東方Project|MASTER|12+|DX|97.4024%|MURASAKi PLUS|N/A
チルノのパーフェクトさんすう教室|東方Project|MASTER|12+|STANDARD|99.5150%|GreeN|N/A
患部で止まってすぐ溶ける～狂気の優曇華院|東方Project|MASTER|13|DX|99.7991%|GreeN PLUS|N/A
患部で止まってすぐ溶ける～狂気の優曇華院|東方Project|MASTER|13+|STANDARD|96.7947%|GreeN PLUS|N/A
げきオコスティックファイナリアリティぷんぷんマスタースパーク|東方Project|MASTER|12+|DX|95.6169%|maimaiでらっくす|N/A
Club Ibuki in Break All|東方Project|MASTER|13|STANDARD|97.8162%|MURASAKi|13.3
Starlight Dance Floor|東方Project|MASTER|12|STANDARD|95.2910%|MURASAKi PLUS|N/A
東方スイーツ！～鬼畜姉妹と受難メイド～|東方Project|MASTER|13|STANDARD|96.9230%|ORANGE PLUS|N/A
少女幻葬戦慄曲 ～ Necro Fantasia|東方Project|MASTER|13+|STANDARD|97.5379%|PiNK|N/A
妖精村の月誕祭 ～Lunate Elf|東方Project|MASTER|13|STANDARD|98.6968%|MURASAKi PLUS|13.3
Prismatic|東方Project|MASTER|12|DX|99.3903%|Splash|N/A
Starlight Vision|東方Project|MASTER|12+|STANDARD|95.9963%|MURASAKi|N/A
Little "Sister" Bitch|東方Project|MASTER|13|DX|99.5411%|maimaiでらっくす|13.5
Yakumo >>JOINT STRUGGLE (2019 Update)|東方Project|MASTER|13+|DX|97.5223%|maimaiでらっくす|N/A
もうみんなしねばいいのに|東方Project|MASTER|13+|STANDARD|94.5830%|MiLK|N/A
Random|GAME＆VARIETY|MASTER|13|DX|99.1345%|FESTiVAL|13.5
Luminaria|GAME＆VARIETY|MASTER|13+|DX|99.3909%|FESTiVAL|13.9
田中|GAME＆VARIETY|MASTER|14|DX|98.2319%|FESTiVAL|14.3
竹|GAME＆VARIETY|MASTER|14|DX|98.0403%|UNiVERSE|14.2
Southern Cross|GAME＆VARIETY|MASTER|13|DX|99.1740%|UNiVERSE|13.2
ベースラインやってる？笑|GAME＆VARIETY|MASTER|13|DX|100.2833%|Splash PLUS|N/A
極圏|GAME＆VARIETY|MASTER|14|STANDARD|94.9881%|FiNALE|14.4
Got more raves？|GAME＆VARIETY|MASTER|13+|STANDARD|96.3015%|ORANGE|N/A
BLUE ZONE|GAME＆VARIETY|MASTER|14|DX|96.0676%|UNiVERSE PLUS|14.1
スーパーシンメトリー|GAME＆VARIETY|MASTER|13+|DX|96.5787%|UNiVERSE|N/A
Grievous Lady|GAME＆VARIETY|MASTER|14|DX|97.7133%|Splash|14.1
Ether Strike|GAME＆VARIETY|MASTER|13+|DX|95.5944%|Splash|N/A
Cyaegha|GAME＆VARIETY|MASTER|13+|DX|98.1814%|Splash|N/A
CHAOS|GAME＆VARIETY|MASTER|13+|DX|97.0269%|maimaiでらっくす PLUS|N/A
BANG!|GAME＆VARIETY|MASTER|13|DX|98.6895%|UNiVERSE PLUS|N/A
Define|GAME＆VARIETY|MASTER|13|DX|96.3885%|UNiVERSE PLUS|N/A
Estahv|GAME＆VARIETY|MASTER|13+|DX|97.5222%|UNiVERSE PLUS|N/A
Mjölnir|GAME＆VARIETY|MASTER|14|DX|98.1135%|UNiVERSE PLUS|14.2
Love's Theme of BADASS ～バッド・アス 愛のテーマ～|GAME＆VARIETY|MASTER|14|DX|99.0918%|UNiVERSE PLUS|14.1
ヒミツCULT|GAME＆VARIETY|MASTER|13+|DX|93.8227%|Splash PLUS|N/A
ALiVE|GAME＆VARIETY|MASTER|13|DX|98.9107%|Splash PLUS|13.2
MEGATON KICK|GAME＆VARIETY|MASTER|13+|DX|97.6961%|Splash PLUS|13.9
Strange Bar|GAME＆VARIETY|MASTER|13+|DX|94.6921%|Splash PLUS|N/A
Dreadnought|GAME＆VARIETY|MASTER|13+|DX|98.3702%|UNiVERSE PLUS|13.9
enchanted love|GAME＆VARIETY|MASTER|13+|DX|95.8690%|UNiVERSE PLUS|13.7
Upshift|GAME＆VARIETY|MASTER|13+|DX|98.4038%|UNiVERSE|13.8
MOBILYS|GAME＆VARIETY|MASTER|13|DX|99.6418%|UNiVERSE|13.1
MilK|GAME＆VARIETY|MASTER|13+|STANDARD|92.2641%|MiLK|N/A
もぺもぺ|GAME＆VARIETY|MASTER|13+|DX|95.4790%|Splash PLUS|13.9
felys -final remix-|GAME＆VARIETY|MASTER|14|DX|97.7164%|Splash|14.3
アトロポスと最果の探究者|GAME＆VARIETY|MASTER|13+|DX|99.5173%|maimaiでらっくす PLUS|N/A
energy trixxx|GAME＆VARIETY|MASTER|13+|DX|96.1625%|maimaiでらっくす PLUS|N/A
Altale|GAME＆VARIETY|MASTER|13|STANDARD|97.3782%|FiNALE|N/A
Destr0yer|GAME＆VARIETY|MASTER|12+|DX|100.0817%|UNiVERSE|14.0
Destr0yer|GAME＆VARIETY|MASTER|14|STANDARD|97.4197%|UNiVERSE|14.0
Halcyon|GAME＆VARIETY|MASTER|13|DX|95.6146%|UNiVERSE PLUS|14.3
End Time|GAME＆VARIETY|MASTER|14|STANDARD|97.7105%|FiNALE|14.6
L4TS:2018 (feat. あひる & KTA)|GAME＆VARIETY|MASTER|13|STANDARD|98.2016%|FiNALE|13.3
ENERGY SYNERGY MATRIX|GAME＆VARIETY|MASTER|13|DX|99.6086%|MiLK PLUS|N/A
FREEDOM DiVE (tpz Overcute Remix)|GAME＆VARIETY|MASTER|14|STANDARD|97.8731%|MiLK PLUS|N/A
魔法少女になるしかねぇ|GAME＆VARIETY|MASTER|13+|STANDARD|97.6012%|FiNALE|N/A
conflict|GAME＆VARIETY|MASTER|13|DX|98.8254%|MURASAKi|14.1
GOODMEN|GAME＆VARIETY|MASTER|13|STANDARD|98.8210%|MURASAKi|N/A
Good Bye, Mr. Jack|GAME＆VARIETY|MASTER|13+|STANDARD|98.9484%|FiNALE|N/A
麒麟|GAME＆VARIETY|MASTER|14|STANDARD|98.3757%|MiLK|14.0
若い力|GAME＆VARIETY|MASTER|13|DX|97.3246%|UNiVERSE PLUS|13.7
Reach For The Stars (Re-Colors)|GAME＆VARIETY|MASTER|13+|DX|98.9790%|UNiVERSE PLUS|13.9
Reach For The Stars|GAME＆VARIETY|MASTER|13+|STANDARD|99.1795%|maimai|N/A
Windy Hill -Zone 1|GAME＆VARIETY|MASTER|13|STANDARD|93.1147%|GreeN PLUS|13.2
Last Brave ～ Go to zero|GAME＆VARIETY|MASTER|13+|STANDARD|97.4358%|MURASAKi|13.8
After Burner|GAME＆VARIETY|MASTER|13|STANDARD|97.2476%|PiNK|N/A
Like the Wind [Reborn]|GAME＆VARIETY|MASTER|13+|STANDARD|96.8141%|maimai PLUS|13.8
Sun Dance|GAME＆VARIETY|MASTER|11|STANDARD|99.4719%|maimai|N/A
In Chaos|GAME＆VARIETY|MASTER|12|STANDARD|100.0562%|maimai|N/A
天国と地獄|GAME＆VARIETY|MASTER|13|STANDARD|96.8155%|maimai|13.3
DO RORO DERODERO ON DO RORO|GAME＆VARIETY|MASTER|13|STANDARD|98.0963%|maimai PLUS|13.4
源平大戦絵巻テーマソング|GAME＆VARIETY|MASTER|12+|STANDARD|99.8311%|maimai|12.8
SHOW TIME|GAME＆VARIETY|MASTER|12|STANDARD|98.0687%|maimai|N/A
Outlaw's Lullaby|GAME＆VARIETY|MASTER|13+|STANDARD|94.7069%|GreeN PLUS|N/A
鼓動|GAME＆VARIETY|MASTER|13|STANDARD|98.1805%|GreeN PLUS|13.3
KONNANじゃないっ！|GAME＆VARIETY|MASTER|13|STANDARD|97.5113%|GreeN|13.3
DADDY MULK -Groove remix-|GAME＆VARIETY|MASTER|13+|STANDARD|94.4757%|GreeN|13.8
ホシシズク|maimai|MASTER|12+|DX|100.2219%|FESTiVAL|12.9
分解収束テイル|maimai|MASTER|13+|DX|98.2818%|FESTiVAL|13.7
ミルキースター・シューティングスター|maimai|MASTER|12+|DX|98.8993%|UNiVERSE PLUS|13.2
パーフェクション|maimai|MASTER|13|DX|97.8362%|UNiVERSE PLUS|13.5
デーモンベット|maimai|MASTER|13|DX|97.8444%|UNiVERSE PLUS|13.1
アンビバレンス|maimai|MASTER|13|DX|100.3605%|UNiVERSE|N/A
届かない花束|maimai|MASTER|13|DX|98.9728%|Splash PLUS|13.0
シアトリカル・ケース|maimai|MASTER|12+|DX|97.1240%|Splash|N/A
Secret Sleuth|maimai|MASTER|12+|DX|97.6059%|maimaiでらっくす|N/A
BLACK ROSE|maimai|MASTER|12|DX|98.2658%|maimaiでらっくす|N/A
咲キ誇レ常世ノ華|maimai|MASTER|13|STANDARD|98.4214%|MiLK|13.5
天国と地獄 -言ノ葉リンネ-|maimai|MASTER|13|STANDARD|98.4874%|MURASAKi PLUS|N/A
空威張りビヘイビア|maimai|MASTER|13|STANDARD|98.7287%|MURASAKi|13.5
分からない|maimai|MASTER|13+|STANDARD|97.6626%|MURASAKi|N/A
Barbed Eye|maimai|MASTER|13|STANDARD|99.6724%|PiNK PLUS|13.0
Rising on the horizon|maimai|MASTER|14|DX|98.1865%|FESTiVAL|14.4
Rainbow Rush Story|maimai|MASTER|13+|DX|99.8724%|FESTiVAL|13.8
Tricolor⁂circuS|maimai|MASTER|13+|DX|99.1179%|FESTiVAL|N/A
[X]|maimai|MASTER|14|DX|100.0534%|FESTiVAL|N/A
Jouez Avec Moi?|maimai|MASTER|13+|DX|99.8702%|UNiVERSE PLUS|N/A
白花の天使|maimai|MASTER|13+|DX|93.8833%|UNiVERSE PLUS|N/A
ｉｓｏｐｈｏｔｅ|maimai|MASTER|13|DX|98.5721%|UNiVERSE PLUS|12.9
前衛的Landscape|maimai|MASTER|13+|DX|98.7758%|UNiVERSE|N/A
トリアージ|maimai|MASTER|13|DX|97.2051%|UNiVERSE|13.1
とびだせ！TO THE COSMIC!!|maimai|MASTER|13+|DX|97.0036%|UNiVERSE|N/A
Starry Colors|maimai|MASTER|14|DX|98.9169%|Splash PLUS|14.0
スローアライズ|maimai|MASTER|12+|DX|99.2635%|Splash PLUS|N/A
生命不詳|maimai|MASTER|13+|DX|97.5281%|Splash PLUS|N/A
チエルカ／エソテリカ|maimai|MASTER|14|DX|98.2546%|Splash PLUS|14.1
VANTABLACK RAVER|maimai|MASTER|13+|DX|90.8872%|Splash PLUS|N/A
ワンダーシャッフェンの法則|maimai|MASTER|13+|DX|92.6068%|Splash|14.0
Regulus|maimai|MASTER|14+|DX|96.2735%|Splash|14.7
Komplexe|maimai|MASTER|13+|DX|98.7704%|Splash|N/A
オリフィス|maimai|MASTER|13|DX|100.5696%|Splash|13.0
ユメヒバナ|maimai|MASTER|13|DX|96.9397%|Splash|13.3
パラボラ|maimai|MASTER|13+|DX|98.6885%|Splash|N/A
ぼくたちいつでも　しゅわっしゅわ！|maimai|MASTER|13|DX|98.0166%|Splash|N/A
絡めトリック利己ライザー|maimai|MASTER|12|DX|97.9055%|maimaiでらっくす PLUS|N/A
でらっくmaimai♪てんてこまい!|maimai|MASTER|12+|DX|100.1321%|maimaiでらっくす|N/A
OTOGEMA|maimai|MASTER|13+|DX|97.4204%|UNiVERSE PLUS|13.8
♡マイマイマイラブ♡|maimai|MASTER|12+|DX|98.8899%|maimaiでらっくす|12.9
星空パーティーチューン|maimai|MASTER|13+|DX|99.2316%|UNiVERSE PLUS|N/A
シエルブルーマルシェ|maimai|MASTER|12+|DX|98.9206%|maimaiでらっくす PLUS|N/A
噛み係|maimai|MASTER|13|DX|99.3192%|UNiVERSE|N/A
Paradisoda|maimai|MASTER|13|DX|99.3367%|Splash PLUS|N/A
福宿音屋魂音泉|maimai|MASTER|13|DX|99.0031%|maimaiでらっくす|13.0
FEEL the BEATS|maimai|MASTER|13|STANDARD|97.0789%|PiNK|13.5
BREAK YOU!!|maimai|MASTER|13|STANDARD|99.2031%|GreeN|13.4
夢花火|maimai|MASTER|13+|STANDARD|98.2500%|MURASAKi PLUS|N/A
SPILL OVER COLORS|maimai|MASTER|13|STANDARD|98.1295%|MiLK|13.3
FestivaLight|maimai|MASTER|13|STANDARD|95.0887%|MiLK PLUS|N/A
Kinda Way|maimai|MASTER|12+|STANDARD|98.2811%|MiLK|12.9
Magical Flavor|maimai|MASTER|13|STANDARD|98.4530%|MiLK|N/A
オトヒメモリー☆ウタゲーション|maimai|MASTER|12+|STANDARD|94.8525%|MURASAKi PLUS|N/A
Lionheart|maimai|MASTER|13|STANDARD|94.6673%|maimai PLUS|13.3
ぐるぐるWASH！コインランドリー・ディスコ|maimai|MASTER|12|STANDARD|98.1957%|GreeN PLUS|N/A
Night Fly|maimai|MASTER|13|STANDARD|89.2047%|maimai PLUS|N/A
connecting with you|maimai|MASTER|13|STANDARD|99.3828%|PiNK PLUS|13.2
Believe the Rainbow|maimai|MASTER|13|STANDARD|98.5617%|FiNALE|13.3
planet dancer|maimai|MASTER|13|STANDARD|97.4539%|ORANGE|13.2
ナミダと流星|maimai|MASTER|12|STANDARD|99.1741%|ORANGE PLUS|N/A
虹と太陽|maimai|MASTER|12+|STANDARD|95.3121%|maimai|N/A
ネコ日和。|maimai|MASTER|11+|STANDARD|99.9540%|maimai|N/A
Backyun! －悪い女－|maimai|MASTER|12+|STANDARD|98.4787%|GreeN|N/A
ジングルベル|maimai|MASTER|14|STANDARD|93.0099%|maimai|14.0
Sqlupp (Camellia's "Sqleipd*Hiytex" Remix)|maimai|MASTER|14|DX|96.5560%|Splash|14.5
Valsqotch|maimai|MASTER|14+|DX|93.8474%|maimaiでらっくす PLUS|14.7
World's end loneliness|maimai|MASTER|14+|DX|95.3678%|UNiVERSE PLUS|14.9
Metamorphosism|maimai|MASTER|14|DX|92.3190%|UNiVERSE PLUS|14.6
WiPE OUT MEMORIES|maimai|MASTER|14+|DX|96.6654%|UNiVERSE PLUS|N/A
チューリングの跡|maimai|MASTER|14|DX|90.9877%|UNiVERSE PLUS|14.6
Swift Swing|maimai|MASTER|14|DX|97.0719%|UNiVERSE PLUS|14.3
Sage|maimai|MASTER|14+|DX|97.8839%|UNiVERSE PLUS|N/A
Irresistible|maimai|MASTER|13+|DX|99.5110%|UNiVERSE PLUS|13.7
HECATONCHEIR|maimai|MASTER|14|DX|97.7596%|UNiVERSE PLUS|14.0
N3V3R G3T OV3R|maimai|MASTER|14|DX|97.7391%|UNiVERSE PLUS|N/A
sølips|maimai|MASTER|14+|DX|93.4646%|UNiVERSE PLUS|14.9
Trick tear|maimai|MASTER|14|DX|98.4448%|UNiVERSE|14.4
U&iVERSE -銀河鸞翔-|maimai|MASTER|14|DX|95.9368%|UNiVERSE|14.4
躯樹の墓守|maimai|MASTER|14+|DX|95.2096%|UNiVERSE|14.9
ヨミビトシラズ|maimai|MASTER|13+|DX|99.5789%|UNiVERSE|N/A
Round Round Spinning Around|maimai|MASTER|13|DX|98.6827%|UNiVERSE|N/A
Alcyone|maimai|MASTER|14|DX|95.3031%|UNiVERSE|14.0
Raven Emperor|maimai|MASTER|14|DX|95.5867%|UNiVERSE|14.5
Yorugao|maimai|MASTER|14|DX|93.8101%|UNiVERSE|14.6
華の集落、秋のお届け|maimai|MASTER|13+|DX|95.7820%|UNiVERSE|N/A
BLACK SWAN|maimai|MASTER|14|DX|97.6850%|UNiVERSE|14.6
NAGAREBOSHI☆ROCKET|maimai|MASTER|14|DX|95.9404%|UNiVERSE|14.2
Lia=Fail|maimai|MASTER|14+|DX|93.7369%|UNiVERSE|14.7
Never Give Up!|maimai|MASTER|13+|DX|97.6422%|Splash PLUS|N/A
ほしぞらスペクタクル|maimai|MASTER|14|DX|97.5189%|Splash PLUS|14.3
VIIIbit Explorer|maimai|MASTER|14+|DX|95.7012%|FESTiVAL|14.7
蒼穹舞楽|maimai|MASTER|13+|DX|97.6991%|Splash PLUS|13.9
AMABIE|maimai|MASTER|14|DX|93.8486%|Splash PLUS|14.6
時計の国のジェミニ|maimai|MASTER|13|DX|98.0916%|Splash PLUS|13.0
Mutation|maimai|MASTER|14|DX|97.3471%|Splash|14.0
渦状銀河のシンフォニエッタ|maimai|MASTER|14|DX|98.6456%|maimaiでらっくす PLUS|14.6
GRÄNDIR|maimai|MASTER|13+|DX|98.0035%|maimaiでらっくす PLUS|N/A
封焔の135秒|maimai|MASTER|14+|DX|94.1558%|maimaiでらっくす PLUS|14.8
Stardust Memories|maimai|MASTER|12+|DX|99.1286%|maimaiでらっくす PLUS|N/A
ここからはじまるプロローグ。|maimai|MASTER|13|DX|98.6149%|maimaiでらっくす PLUS|N/A
Glorious Crown|maimai|MASTER|14+|STANDARD|88.5854%|PiNK|N/A
Aiolos|maimai|MASTER|14|STANDARD|97.5951%|ORANGE PLUS|14.4
Technicians High|maimai|MASTER|13|DX|96.8210%|UNiVERSE|13.4
BREaK! BREaK! BREaK!|maimai|MASTER|14+|DX|96.8415%|Splash PLUS|14.7
We Gonna Party|maimai|MASTER|13|STANDARD|95.4165%|maimai PLUS|13.6
GIGANTØMAKHIA|maimai|MASTER|14+|DX|95.1031%|UNiVERSE|14.8
Alea jacta est!|maimai|MASTER|14|STANDARD|96.3099%|FiNALE|14.2
My My My|maimai|MASTER|13+|DX|99.0883%|maimaiでらっくす PLUS|13.5
CITRUS MONSTER|maimai|MASTER|14|STANDARD|94.1329%|PiNK PLUS|N/A
the EmpErroR|maimai|MASTER|14+|STANDARD|90.7181%|FiNALE|N/A
ガラテアの螺旋|maimai|MASTER|14|STANDARD|96.0630%|ORANGE PLUS|N/A
TEmPTaTiON|maimai|MASTER|14+|DX|93.9902%|maimaiでらっくす|14.7
SILENT BLUE|maimai|MASTER|14+|STANDARD|97.9974%|MiLK PLUS|14.8
ねぇ、壊れタ人形ハ何処へ棄テらレるノ？|maimai|MASTER|14|STANDARD|94.6992%|MURASAKi|N/A
TwisteD! XD|maimai|MASTER|13|DX|98.8807%|maimaiでらっくす|13.6
QZKago Requiem|maimai|MASTER|14+|STANDARD|91.0677%|FiNALE|14.8
Contrapasso -paradiso-|maimai|MASTER|14|STANDARD|96.3428%|PiNK PLUS|14.4
Oshama Scramble!|maimai|MASTER|13|DX|99.9750%|ORANGE PLUS|N/A
Oshama Scramble!|maimai|MASTER|14|STANDARD|93.4478%|ORANGE PLUS|N/A
魔ジョ狩リ|maimai|MASTER|13+|DX|98.2563%|maimaiでらっくす|N/A
MAXRAGE|maimai|MASTER|13+|DX|95.7645%|maimaiでらっくす|N/A
PANDORA PARADOXXX|maimai|MASTER|14+|STANDARD|93.3096%|FiNALE|14.9
天火明命|maimai|MASTER|13+|STANDARD|97.9144%|MURASAKi|N/A
FFT|maimai|MASTER|14|STANDARD|96.3760%|FiNALE|14.0
雷切-RAIKIRI-|maimai|MASTER|14|STANDARD|92.6448%|FiNALE|N/A
Black Out|maimai|MASTER|13|STANDARD|98.6572%|maimai PLUS|N/A
Caliburne ～Story of the Legendary sword～|maimai|MASTER|14|STANDARD|94.4698%|ORANGE|14.2
Death Scythe|maimai|MASTER|13+|STANDARD|93.5079%|GreeN|13.8
LUCIA|maimai|MASTER|13|STANDARD|99.3182%|GreeN|13.2
Lividi|maimai|MASTER|14|STANDARD|97.6720%|MURASAKi|14.0
Axeria|maimai|MASTER|14|STANDARD|98.2741%|ORANGE PLUS|N/A
larva|maimai|MASTER|14+|STANDARD|91.0270%|MiLK PLUS|N/A
四月の雨|maimai|MASTER|13+|STANDARD|90.2146%|MURASAKi|N/A
HERA|maimai|MASTER|14|STANDARD|94.8961%|MURASAKi|14.2
Nitrous Fury|maimai|MASTER|13+|STANDARD|95.0401%|PiNK PLUS|N/A
Revive The Rave|maimai|MASTER|13+|STANDARD|95.6615%|PiNK|13.5
Turn around|maimai|MASTER|13|STANDARD|97.5471%|maimai PLUS|13.5
Link|maimai|MASTER|12|STANDARD|95.5000%|maimai PLUS|N/A
Nerverakes|maimai|MASTER|13+|STANDARD|96.1870%|maimai PLUS|13.8
Sprintrances|maimai|MASTER|13|STANDARD|97.7663%|maimai PLUS|N/A
Feel My Fire|maimai|MASTER|13|STANDARD|97.8929%|maimai PLUS|N/A
air's gravity|maimai|MASTER|13|STANDARD|96.7701%|maimai PLUS|13.3
Beat of getting entangled|maimai|MASTER|13+|STANDARD|95.6515%|GreeN|13.7
Prophesy One|maimai|MASTER|14|STANDARD|91.8584%|PiNK PLUS|N/A
System “Z”|maimai|MASTER|14|STANDARD|95.0766%|GreeN|14.3
ViRTUS|maimai|MASTER|14+|DX|97.6363%|FESTiVAL|N/A
Catch Me If You Can|オンゲキ＆CHUNITHM|MASTER|13|DX|100.7152%|FESTiVAL|13.2
MAGNETAR GIRL|オンゲキ＆CHUNITHM|MASTER|13+|DX|98.9241%|FESTiVAL|13.8
SUPER AMBULANCE|オンゲキ＆CHUNITHM|MASTER|14|DX|98.0794%|FESTiVAL|14.3
蜘蛛の糸|オンゲキ＆CHUNITHM|MASTER|14|DX|97.6786%|FESTiVAL|14.0
Transcend Lights|オンゲキ＆CHUNITHM|MASTER|13+|DX|99.4818%|UNiVERSE PLUS|13.7
トリドリ⇒モリモリ！Lovely fruits☆|オンゲキ＆CHUNITHM|MASTER|13|DX|98.3584%|Splash|N/A
ぱくぱく☆がーる|オンゲキ＆CHUNITHM|MASTER|13|DX|99.1006%|UNiVERSE|13.0
撩乱乙女†無双劇|オンゲキ＆CHUNITHM|MASTER|13|DX|100.0221%|UNiVERSE PLUS|13.4
Titania|オンゲキ＆CHUNITHM|MASTER|14|DX|97.8652%|maimaiでらっくす|14.5
YURUSHITE|オンゲキ＆CHUNITHM|MASTER|14|DX|94.4296%|Splash|14.3
Desperado Waltz|オンゲキ＆CHUNITHM|MASTER|14|DX|98.1930%|Splash|14.3
BOUNCE & DANCE|オンゲキ＆CHUNITHM|MASTER|13+|DX|96.2739%|Splash PLUS|N/A
MEGATON BLAST|オンゲキ＆CHUNITHM|MASTER|14|DX|94.8097%|Splash PLUS|14.3
LiftOff|オンゲキ＆CHUNITHM|MASTER|13+|DX|93.4174%|UNiVERSE|N/A
See The Light|オンゲキ＆CHUNITHM|MASTER|13+|DX|97.5611%|UNiVERSE PLUS|N/A
エータ・ベータ・イータ|オンゲキ＆CHUNITHM|MASTER|14|DX|99.4136%|UNiVERSE PLUS|N/A
Good bye, Merry-Go-Round.|オンゲキ＆CHUNITHM|MASTER|14|DX|98.0442%|UNiVERSE PLUS|14.1
We Are Us|オンゲキ＆CHUNITHM|MASTER|13|DX|98.7607%|UNiVERSE|N/A
Limits|オンゲキ＆CHUNITHM|MASTER|13|DX|94.3228%|UNiVERSE|N/A
Agitation！|オンゲキ＆CHUNITHM|MASTER|11+|DX|98.3601%|maimaiでらっくす|N/A
単一指向性オーバーブルーム|オンゲキ＆CHUNITHM|MASTER|13|DX|98.1826%|Splash PLUS|N/A
みなえをチェック！|オンゲキ＆CHUNITHM|MASTER|13|DX|98.4117%|Splash PLUS|N/A
管弦楽組曲 第3番 ニ長調「第2曲（G線上のアリア）」BWV.1068-2|オンゲキ＆CHUNITHM|MASTER|13+|DX|99.0142%|maimaiでらっくす|N/A
猛進ソリストライフ！|オンゲキ＆CHUNITHM|MASTER|13+|STANDARD|97.6277%|MURASAKi PLUS|N/A
猫祭り|オンゲキ＆CHUNITHM|MASTER|13|STANDARD|100.2935%|MiLK|13.4
-OutsideR:RequieM-|オンゲキ＆CHUNITHM|MASTER|13+|STANDARD|98.1084%|FiNALE|N/A
幾四音-Ixion-|オンゲキ＆CHUNITHM|MASTER|13|STANDARD|98.4916%|PiNK|13.3
The wheel to the right|オンゲキ＆CHUNITHM|MASTER|13+|STANDARD|94.6339%|MURASAKi|N/A
Trrricksters!!|オンゲキ＆CHUNITHM|MASTER|14|DX|97.1765%|N/A
光線チューニング|オンゲキ＆CHUNITHM|MASTER|13|STANDARD|97.6255%|MURASAKi PLUS|N/A
心象蜃気楼|オンゲキ＆CHUNITHM|MASTER|13|STANDARD|87.1421%|MURASAKi PLUS|13.3
エンドマークに希望と涙を添えて|オンゲキ＆CHUNITHM|MASTER|14|STANDARD|94.7064%|MiLK|14.3
We Gonna Journey|オンゲキ＆CHUNITHM|MASTER|13+|STANDARD|95.9711%|MiLK PLUS|N/A
My First Phone|オンゲキ＆CHUNITHM|MASTER|13+|STANDARD|96.2494%|MiLK PLUS|N/A
怒槌|オンゲキ＆CHUNITHM|MASTER|14+|STANDARD|95.3817%|MiLK PLUS|N/A
TiamaT:F minor|オンゲキ＆CHUNITHM|MASTER|14|STANDARD|93.1201%|FiNALE|14.6
Kattobi KEIKYU Rider|オンゲキ＆CHUNITHM|MASTER|13+|STANDARD|98.3573%|FiNALE|N/A
BOKUTO|オンゲキ＆CHUNITHM|MASTER|13|DX|98.6459%|maimaiでらっくす|N/A
CHOCOLATE BOMB!!!!|オンゲキ＆CHUNITHM|MASTER|13|DX|97.9632%|maimaiでらっくす PLUS|N/A
Climax|オンゲキ＆CHUNITHM|MASTER|14|DX|96.7479%|Splash|14.3
宛城、炎上！！|オンゲキ＆CHUNITHM|MASTER|13+|DX|98.7850%|Splash|13.8
宿星審判|オンゲキ＆CHUNITHM|MASTER|14|DX|95.2411%|UNiVERSE|14.4
スピカの天秤|オンゲキ＆CHUNITHM|MASTER|14|DX|97.9403%|UNiVERSE|14.5
ハードコア・シンドローム|オンゲキ＆CHUNITHM|MASTER|13+|DX|99.5067%|UNiVERSE|N/A
パズルリボン|オンゲキ＆CHUNITHM|MASTER|13|DX|99.6533%|UNiVERSE PLUS|13.0
コスモポップファンクラブ|オンゲキ＆CHUNITHM|MASTER|13|DX|100.2710%|UNiVERSE PLUS|13.0
folern|オンゲキ＆CHUNITHM|MASTER|13+|DX|99.0820%|UNiVERSE PLUS|N/A
テリトリーバトル|オンゲキ＆CHUNITHM|MASTER|13|DX|98.9556%|UNiVERSE PLUS|13.0
うっせぇわ|POPS＆ANIME|EXPERT|9+|DX|95.8288%|UNiVERSE|N/A
夜に駆ける|POPS＆ANIME|EXPERT|8|DX|100.0302%|UNiVERSE|N/A
くらべられっ子|POPS＆ANIME|EXPERT|9+|DX|100.7492%|UNiVERSE PLUS|9.8
あの世行きのバスに乗ってさらば。|POPS＆ANIME|EXPERT|11+|DX|99.6621%|UNiVERSE PLUS|11.0
泥の分際で私だけの大切を奪おうだなんて|POPS＆ANIME|EXPERT|10+|DX|99.9840%|UNiVERSE|N/A
　|POPS＆ANIME|EXPERT|10|DX|99.5850%|UNiVERSE PLUS|N/A
Princess♂|POPS＆ANIME|EXPERT|10|DX|100.2736%|UNiVERSE PLUS|N/A
Shiny Smily Story|POPS＆ANIME|EXPERT|10|DX|98.9076%|Splash PLUS|N/A
インドア系ならトラックメイカー|POPS＆ANIME|EXPERT|10|DX|100.1260%|UNiVERSE|N/A
ヴィラン|niconico＆VOCALOID™|EXPERT|9|DX|101.0000%|FESTiVAL|9.2
EYE|niconico＆VOCALOID™|EXPERT|9|DX|100.7091%|FESTiVAL|9.0
KING|niconico＆VOCALOID™|EXPERT|9+|DX|100.7864%|Splash PLUS|N/A
ヴァンパイア|niconico＆VOCALOID™|EXPERT|10|DX|100.1014%|UNiVERSE PLUS|10.2
乙女解剖|niconico＆VOCALOID™|EXPERT|8+|DX|88.9326%|Splash|N/A
アンドロイドガール|niconico＆VOCALOID™|EXPERT|10|DX|100.5764%|maimaiでらっくす PLUS|N/A
ヒバナ|niconico＆VOCALOID™|EXPERT|11|STANDARD|93.9973%|FiNALE|N/A
表裏一体|niconico＆VOCALOID™|EXPERT|9+|DX|100.1210%|maimaiでらっくす PLUS|N/A
初音天地開闢神話|niconico＆VOCALOID™|EXPERT|11|DX|100.0282%|UNiVERSE PLUS|11.0
デッドマンズバラッド|niconico＆VOCALOID™|EXPERT|12|DX|98.4077%|UNiVERSE|N/A
終点|niconico＆VOCALOID™|EXPERT|12|STANDARD|98.6999%|FiNALE|N/A
命に嫌われている|niconico＆VOCALOID™|EXPERT|10|DX|99.4068%|Splash|N/A
ビターチョコデコレーション|niconico＆VOCALOID™|EXPERT|9+|DX|92.6780%|maimaiでらっくす PLUS|N/A
ノイローゼ|niconico＆VOCALOID™|EXPERT|10|DX|100.9110%|UNiVERSE|N/A
失敗作少女|niconico＆VOCALOID™|EXPERT|10|DX|100.2102%|UNiVERSE|N/A
すーぱーぬこになれんかった|niconico＆VOCALOID™|EXPERT|10|DX|95.3415%|maimaiでらっくす PLUS|N/A
初音ミクの激唱|niconico＆VOCALOID™|EXPERT|12|STANDARD|99.2388%|MiLK PLUS|N/A
初音ミクの消失|niconico＆VOCALOID™|EXPERT|11+|STANDARD|100.0445%|PiNK|N/A
アカツキアライヴァル|niconico＆VOCALOID™|EXPERT|10|DX|100.4322%|UNiVERSE|N/A
頓珍漢の宴|niconico＆VOCALOID™|EXPERT|11|STANDARD|97.5890%|PiNK|N/A
絶対にチョコミントを食べるアオイチャン|niconico＆VOCALOID™|EXPERT|9+|DX|100.0654%|Splash|N/A
幾望の月|niconico＆VOCALOID™|EXPERT|10+|DX|94.4542%|maimaiでらっくす|N/A
阿吽のビーツ|niconico＆VOCALOID™|EXPERT|10|DX|100.8703%|Splash PLUS|N/A
KILLER B|niconico＆VOCALOID™|EXPERT|10|DX|99.2460%|maimaiでらっくす PLUS|N/A
グリーンライツ・セレナーデ|niconico＆VOCALOID™|EXPERT|10|DX|97.3733%|maimaiでらっくす|N/A
デンパラダイム|niconico＆VOCALOID™|EXPERT|11+|DX|95.3159%|maimaiでらっくす|N/A
Strobe♡Girl|niconico＆VOCALOID™|EXPERT|10|DX|99.5315%|maimaiでらっくす|N/A
人生リセットボタン|niconico＆VOCALOID™|EXPERT|12|STANDARD|98.1469%|MiLK|N/A
脳漿炸裂ガール|niconico＆VOCALOID™|EXPERT|12+|STANDARD|99.1134%|GreeN|N/A
恋愛裁判|niconico＆VOCALOID™|EXPERT|10|STANDARD|100.1088%|PiNK PLUS|N/A
裏表ラバーズ|niconico＆VOCALOID™|EXPERT|12|STANDARD|96.6345%|GreeN|N/A
ドクハク|niconico＆VOCALOID™|EXPERT|10|STANDARD|99.4738%|MiLK|N/A
magician's operation|niconico＆VOCALOID™|EXPERT|11+|STANDARD|99.3835%|GreeN PLUS|N/A
悪戯センセーション|東方Project|EXPERT|9+|DX|100.0517%|Splash|N/A
天狗の落とし文 feat. ｙｔｒ|東方Project|EXPERT|11+|STANDARD|99.4833%|MiLK|N/A
Armageddon|東方Project|EXPERT|12+|DX|99.9884%|UNiVERSE PLUS|12.7
Calamity Fortune|東方Project|EXPERT|11|DX|97.0641%|MURASAKi PLUS|N/A
Calamity Fortune|東方Project|EXPERT|12+|STANDARD|97.0692%|MURASAKi PLUS|N/A
ロストワードクロニカル|東方Project|EXPERT|10|DX|99.3516%|Splash PLUS|N/A
神々が恋した幻想郷|東方Project|EXPERT|10+|DX|100.0477%|UNiVERSE|N/A
ナイト・オブ・ナイツ (Cranky Remix)|東方Project|EXPERT|10|DX|99.0495%|maimaiでらっくす|N/A
幻想に咲いた花|東方Project|EXPERT|9+|DX|97.0068%|UNiVERSE|N/A
taboo tears you up|東方Project|EXPERT|10+|DX|99.9596%|MURASAKi|N/A
Bad Apple!! feat.nomico (REDALiCE Remix)|東方Project|EXPERT|10|DX|97.2862%|maimaiでらっくす PLUS|N/A
Endless, Sleepless Night|東方Project|EXPERT|10+|STANDARD|76.7529%|GreeN PLUS|N/A
Doll Judgment|東方Project|EXPERT|12|STANDARD|100.4248%|MiLK|N/A
Imperishable Night 2006 (2016 Refine)|東方Project|EXPERT|12|STANDARD|99.9409%|FiNALE|N/A
竹|GAME＆VARIETY|EXPERT|12|DX|100.1198%|UNiVERSE|N/A
Southern Cross|GAME＆VARIETY|EXPERT|10+|DX|100.1726%|UNiVERSE|N/A
キラメキ居残り大戦争|GAME＆VARIETY|EXPERT|10+|DX|83.3274%|Splash PLUS|N/A
ベースラインやってる？笑|GAME＆VARIETY|EXPERT|11|DX|99.3888%|Splash PLUS|N/A
極圏|GAME＆VARIETY|EXPERT|12+|STANDARD|100.5923%|FiNALE|N/A
きたさいたま2000|GAME＆VARIETY|EXPERT|13|STANDARD|99.2272%|ORANGE|N/A
Ignis Danse|GAME＆VARIETY|EXPERT|13|STANDARD|98.7793%|ORANGE|13.0
夜明けまであと３秒|GAME＆VARIETY|EXPERT|13|STANDARD|98.7993%|MURASAKi|13.1
FUJIN Rumble|GAME＆VARIETY|EXPERT|11+|STANDARD|100.4229%|ORANGE|N/A
Scarlet Lance|GAME＆VARIETY|EXPERT|12+|STANDARD|98.6080%|FiNALE|N/A
スーパーシンメトリー|GAME＆VARIETY|EXPERT|12|DX|100.6851%|UNiVERSE|N/A
Grievous Lady|GAME＆VARIETY|EXPERT|12|DX|100.2897%|Splash|N/A
Ether Strike|GAME＆VARIETY|EXPERT|10+|DX|100.0339%|Splash|N/A
Cyaegha|GAME＆VARIETY|EXPERT|11|DX|100.7092%|Splash|N/A
Entrance|GAME＆VARIETY|EXPERT|11|DX|96.2649%|maimaiでらっくす PLUS|N/A
CHAOS|GAME＆VARIETY|EXPERT|11+|DX|97.6281%|maimaiでらっくす PLUS|N/A
Estahv|GAME＆VARIETY|EXPERT|11+|DX|100.1628%|UNiVERSE PLUS|11.7
First Dance|GAME＆VARIETY|EXPERT|12|DX|99.7116%|UNiVERSE PLUS|12.0
Mjölnir|GAME＆VARIETY|EXPERT|12+|DX|98.7014%|UNiVERSE PLUS|N/A
Love's Theme of BADASS ～バッド・アス 愛のテーマ～|GAME＆VARIETY|EXPERT|13|DX|100.5322%|UNiVERSE PLUS|13.0
BATTLE NO.1|GAME＆VARIETY|EXPERT|12|DX|96.6285%|Splash|N/A
ヒミツCULT|GAME＆VARIETY|EXPERT|11|DX|99.3185%|Splash PLUS|N/A
ALiVE|GAME＆VARIETY|EXPERT|10+|DX|94.8923%|Splash PLUS|N/A
Big Daddy|GAME＆VARIETY|EXPERT|12|DX|100.5400%|Splash PLUS|N/A
Strange Bar|GAME＆VARIETY|EXPERT|10+|DX|99.9193%|Splash PLUS|N/A
Dreadnought|GAME＆VARIETY|EXPERT|12|DX|98.6949%|UNiVERSE PLUS|12.5
enchanted love|GAME＆VARIETY|EXPERT|11+|DX|99.0552%|UNiVERSE PLUS|11.8
Caterpillar Song|GAME＆VARIETY|EXPERT|12|DX|97.0436%|UNiVERSE PLUS|12.0
MOBILYS|GAME＆VARIETY|EXPERT|10|DX|95.1258%|UNiVERSE|N/A
CO5M1C R4ILR0AD|GAME＆VARIETY|EXPERT|11+|DX|100.6632%|Splash PLUS|N/A
Re：End of a Dream|GAME＆VARIETY|EXPERT|12|DX|99.8282%|Splash PLUS|N/A
もぺもぺ|GAME＆VARIETY|EXPERT|12+|DX|97.3547%|Splash PLUS|N/A
Sound Chimera|GAME＆VARIETY|EXPERT|12|DX|97.8515%|Splash PLUS|N/A
felys -final remix-|GAME＆VARIETY|EXPERT|10+|DX|100.1371%|Splash|N/A
emomomo|GAME＆VARIETY|EXPERT|10+|DX|99.4672%|Splash|N/A
アトロポスと最果の探究者|GAME＆VARIETY|EXPERT|10+|DX|98.9674%|maimaiでらっくす PLUS|N/A
energy trixxx|GAME＆VARIETY|EXPERT|11|DX|97.5519%|maimaiでらっくす PLUS|N/A
NULCTRL|GAME＆VARIETY|EXPERT|12|DX|98.4634%|maimaiでらっくす PLUS|N/A
Black Lair|GAME＆VARIETY|EXPERT|11|DX|100.2123%|maimaiでらっくす PLUS|N/A
Altale|GAME＆VARIETY|EXPERT|12|STANDARD|100.0737%|FiNALE|N/A
Destr0yer|GAME＆VARIETY|EXPERT|12|STANDARD|98.7219%|UNiVERSE|N/A
Halcyon|GAME＆VARIETY|EXPERT|12|STANDARD|100.4150%|UNiVERSE PLUS|12.5
ENERGY SYNERGY MATRIX|GAME＆VARIETY|EXPERT|13|STANDARD|100.6250%|MiLK PLUS|N/A
FREEDOM DiVE (tpz Overcute Remix)|GAME＆VARIETY|EXPERT|12+|STANDARD|100.8134%|MiLK PLUS|N/A
Credits|GAME＆VARIETY|EXPERT|13|STANDARD|97.3182%|MiLK|12.6
B.B.K.K.B.K.K.|GAME＆VARIETY|EXPERT|12+|STANDARD|93.1410%|ORANGE|N/A
人里に下ったアタイがいつの間にか社畜になっていた件|GAME＆VARIETY|EXPERT|13|STANDARD|97.3679%|MURASAKi PLUS|N/A
Sakura Fubuki|GAME＆VARIETY|EXPERT|12|STANDARD|98.3621%|MURASAKi|N/A
麒麟|GAME＆VARIETY|EXPERT|13|STANDARD|98.2985%|MiLK|N/A
Like the Wind [Reborn]|GAME＆VARIETY|EXPERT|11|STANDARD|97.8745%|maimai PLUS|N/A
YA･DA･YO [Reborn]|GAME＆VARIETY|EXPERT|13|STANDARD|97.6174%|maimai PLUS|13.0
DO RORO DERODERO ON DO RORO|GAME＆VARIETY|EXPERT|13|STANDARD|98.2925%|maimai PLUS|N/A
電車で電車でOPA!OPA!OPA! -GMT mashup-|GAME＆VARIETY|EXPERT|11+|STANDARD|99.2192%|GreeN PLUS|N/A
ミルキースター・シューティングスター|maimai|EXPERT|10+|DX|100.2617%|UNiVERSE PLUS|10.7
届かない花束|maimai|EXPERT|9+|DX|99.5176%|Splash PLUS|N/A
ヤミツキ|maimai|EXPERT|10|DX|100.3543%|maimaiでらっくす PLUS|N/A
分からない|maimai|EXPERT|11+|STANDARD|99.6769%|MURASAKi|N/A
Rising on the horizon|maimai|EXPERT|12+|DX|100.5480%|FESTiVAL|12.7
Jouez Avec Moi?|maimai|EXPERT|10+|DX|100.1937%|UNiVERSE PLUS|N/A
パラマウント☆ショータイム！！|maimai|EXPERT|11+|DX|99.0658%|UNiVERSE PLUS|11.7
白花の天使|maimai|EXPERT|12|DX|99.7509%|UNiVERSE PLUS|12.0
ｉｓｏｐｈｏｔｅ|maimai|EXPERT|10|DX|100.0962%|UNiVERSE PLUS|10.0
前衛的Landscape|maimai|EXPERT|11|DX|99.3565%|UNiVERSE|N/A
とびだせ！TO THE COSMIC!!|maimai|EXPERT|12|DX|99.4224%|UNiVERSE|12.5
チエルカ／エソテリカ|maimai|EXPERT|12|DX|99.4783%|Splash PLUS|N/A
ワンダーシャッフェンの法則|maimai|EXPERT|10+|DX|99.9111%|Splash|N/A
BIRTH|maimai|EXPERT|12+|DX|99.5423%|Splash|N/A
Regulus|maimai|EXPERT|12|DX|100.1072%|Splash|N/A
Komplexe|maimai|EXPERT|11|DX|98.4998%|Splash|N/A
ぼくたちいつでも　しゅわっしゅわ！|maimai|EXPERT|11|DX|99.1875%|Splash|N/A
OTOGEMA|maimai|EXPERT|10+|DX|100.3909%|UNiVERSE PLUS|N/A
♡マイマイマイラブ♡|maimai|EXPERT|10|DX|97.9806%|maimaiでらっくす|N/A
Paradisoda|maimai|EXPERT|10+|DX|99.6288%|Splash PLUS|N/A
福宿音屋魂音泉|maimai|EXPERT|10+|DX|100.2898%|maimaiでらっくす|N/A
FEEL ALIVE|maimai|EXPERT|12|STANDARD|98.0224%|maimai PLUS|N/A
KING is BACK!!|maimai|EXPERT|11+|STANDARD|91.6369%|MURASAKi PLUS|N/A
夢花火|maimai|EXPERT|11|STANDARD|90.2659%|MURASAKi PLUS|N/A
SPILL OVER COLORS|maimai|EXPERT|11+|STANDARD|100.3491%|MiLK|N/A
アージェントシンメトリー|maimai|EXPERT|10+|STANDARD|99.5794%|PiNK|N/A
記憶、記録|maimai|EXPERT|11|STANDARD|98.1117%|GreeN|N/A
MIRROR of MAGIC|maimai|EXPERT|10+|STANDARD|97.3733%|ORANGE|N/A
Backyun! －悪い女－|maimai|EXPERT|11+|STANDARD|96.7991%|GreeN|N/A
ジングルベル|maimai|EXPERT|10+|STANDARD|99.0567%|maimai|N/A
Valsqotch|maimai|EXPERT|13|DX|100.1662%|maimaiでらっくす PLUS|N/A
World's end loneliness|maimai|EXPERT|13|DX|100.5347%|UNiVERSE PLUS|13.0
Metamorphosism|maimai|EXPERT|12+|DX|100.2181%|UNiVERSE PLUS|12.8
WiPE OUT MEMORIES|maimai|EXPERT|12+|DX|100.1362%|UNiVERSE PLUS|N/A
チューリングの跡|maimai|EXPERT|13|DX|98.4021%|UNiVERSE PLUS|13.5
Swift Swing|maimai|EXPERT|12|DX|99.9171%|UNiVERSE PLUS|12.5
Sage|maimai|EXPERT|12+|DX|100.0675%|UNiVERSE PLUS|12.9
HAGAKIRI|maimai|EXPERT|12|DX|99.3023%|UNiVERSE PLUS|N/A
HECATONCHEIR|maimai|EXPERT|12+|DX|100.5472%|UNiVERSE PLUS|N/A
N3V3R G3T OV3R|maimai|EXPERT|12|DX|99.9668%|UNiVERSE PLUS|12.0
Strive against fate|maimai|EXPERT|13|DX|100.6335%|UNiVERSE PLUS|13.2
sølips|maimai|EXPERT|13+|DX|99.9435%|UNiVERSE PLUS|13.7
Trick tear|maimai|EXPERT|12|DX|99.0259%|UNiVERSE|N/A
U&iVERSE -銀河鸞翔-|maimai|EXPERT|12|DX|100.2341%|UNiVERSE|N/A
躯樹の墓守|maimai|EXPERT|13|DX|100.0694%|UNiVERSE|12.9
ヨミビトシラズ|maimai|EXPERT|12|DX|99.6385%|UNiVERSE|12.5
Round Round Spinning Around|maimai|EXPERT|10|DX|96.6726%|UNiVERSE|N/A
Alcyone|maimai|EXPERT|12|DX|99.5262%|UNiVERSE|N/A
Raven Emperor|maimai|EXPERT|12|DX|100.5433%|UNiVERSE|N/A
Yorugao|maimai|EXPERT|12|DX|99.3097%|UNiVERSE|N/A
華の集落、秋のお届け|maimai|EXPERT|11+|DX|97.7347%|UNiVERSE|N/A
星詠みとデスペラード|maimai|EXPERT|11+|DX|99.2047%|UNiVERSE|N/A
BLACK SWAN|maimai|EXPERT|12+|DX|99.4380%|UNiVERSE|N/A
NAGAREBOSHI☆ROCKET|maimai|EXPERT|12|DX|98.2857%|UNiVERSE|N/A
ほしぞらスペクタクル|maimai|EXPERT|12|DX|99.1330%|Splash PLUS|N/A
VIIIbit Explorer|maimai|EXPERT|13|DX|98.7575%|FESTiVAL|12.9
Last Samurai|maimai|EXPERT|12|DX|97.6885%|Splash PLUS|N/A
Xenovcipher|maimai|EXPERT|12|DX|98.5701%|Splash PLUS|N/A
Beautiful Future|maimai|EXPERT|10+|DX|99.7672%|Splash|N/A
Mutation|maimai|EXPERT|12|DX|97.5160%|Splash|N/A
≠彡"/了→|maimai|EXPERT|12+|DX|100.1672%|Splash|N/A
ARAIS|maimai|EXPERT|12|DX|97.5862%|Splash|N/A
渦状銀河のシンフォニエッタ|maimai|EXPERT|11+|DX|99.4160%|maimaiでらっくす PLUS|N/A
封焔の135秒|maimai|EXPERT|12+|DX|97.9417%|maimaiでらっくす PLUS|N/A
Heavenly Blast|maimai|EXPERT|12+|DX|99.5388%|Splash PLUS|N/A
Glorious Crown|maimai|EXPERT|13|STANDARD|99.0728%|PiNK|N/A
Technicians High|maimai|EXPERT|11|DX|97.2558%|UNiVERSE|N/A
Hyper Active|maimai|EXPERT|13|STANDARD|99.1090%|PiNK PLUS|N/A
BREaK! BREaK! BREaK!|maimai|EXPERT|12+|DX|98.4662%|Splash PLUS|N/A
MYTHOS|maimai|EXPERT|12|STANDARD|99.2589%|GreeN PLUS|N/A
GIGANTØMAKHIA|maimai|EXPERT|12+|DX|100.4508%|UNiVERSE|N/A
STEEL TRANSONIC|maimai|EXPERT|13|DX|99.7171%|maimaiでらっくす PLUS|N/A
Alea jacta est!|maimai|EXPERT|12+|STANDARD|100.0063%|FiNALE|13.0
AMAZING MIGHTYYYY!!!!|maimai|EXPERT|13|STANDARD|99.0243%|PiNK PLUS|13.5
CITRUS MONSTER|maimai|EXPERT|12+|STANDARD|98.8442%|PiNK PLUS|N/A
the EmpErroR|maimai|EXPERT|13|STANDARD|98.7398%|FiNALE|N/A
ガラテアの螺旋|maimai|EXPERT|13|STANDARD|100.6601%|ORANGE PLUS|N/A
TEmPTaTiON|maimai|EXPERT|12|DX|98.1882%|maimaiでらっくす|N/A
SILENT BLUE|maimai|EXPERT|12+|STANDARD|99.1129%|MiLK PLUS|N/A
アポカリプスに反逆の焔を焚べろ|maimai|EXPERT|12|DX|100.3748%|maimaiでらっくす|N/A
ねぇ、壊れタ人形ハ何処へ棄テらレるノ？|maimai|EXPERT|13|STANDARD|97.7601%|MURASAKi|13.0
TwisteD! XD|maimai|EXPERT|11|DX|98.4750%|maimaiでらっくす|N/A
QZKago Requiem|maimai|EXPERT|13|STANDARD|100.1762%|FiNALE|N/A
Our Wrenally|maimai|EXPERT|13|STANDARD|97.6359%|MURASAKi|N/A
Contrapasso -paradiso-|maimai|EXPERT|13|STANDARD|98.1305%|PiNK PLUS|13.1
Oshama Scramble!|maimai|EXPERT|11|DX|96.7287%|ORANGE PLUS|N/A
Oshama Scramble!|maimai|EXPERT|12|STANDARD|98.9146%|ORANGE PLUS|N/A
Garakuta Doll Play|maimai|EXPERT|13|STANDARD|99.4601%|GreeN|N/A
Moon of Noon|maimai|EXPERT|13|STANDARD|100.2369%|MURASAKi PLUS|N/A
Blows Up Everything|maimai|EXPERT|11+|DX|99.3003%|maimaiでらっくす|N/A
魔ジョ狩リ|maimai|EXPERT|11|DX|97.9231%|maimaiでらっくす|N/A
MAXRAGE|maimai|EXPERT|11|DX|98.4916%|maimaiでらっくす|N/A
PANDORA PARADOXXX|maimai|EXPERT|13+|STANDARD|98.7787%|FiNALE|N/A
天火明命|maimai|EXPERT|13|STANDARD|100.6309%|MURASAKi|N/A
7thSense|maimai|EXPERT|11+|STANDARD|100.1047%|PiNK|N/A
雷切-RAIKIRI-|maimai|EXPERT|12+|STANDARD|100.4162%|FiNALE|N/A
Schwarzschild|maimai|EXPERT|12+|STANDARD|95.0975%|FiNALE|N/A
Black Out|maimai|EXPERT|13|STANDARD|97.6840%|maimai PLUS|13.0
Fragrance|maimai|EXPERT|12+|STANDARD|96.1755%|maimai PLUS|N/A
Caliburne ～Story of the Legendary sword～|maimai|EXPERT|12+|STANDARD|97.1503%|ORANGE|12.9
Lividi|maimai|EXPERT|13|STANDARD|98.6074%|MURASAKi|N/A
larva|maimai|EXPERT|12+|STANDARD|100.1815%|MiLK PLUS|12.9
Mare Maris|maimai|EXPERT|12|STANDARD|99.8759%|MiLK|N/A
Signature|maimai|EXPERT|12|STANDARD|99.2835%|MiLK|N/A
Ultranova|maimai|EXPERT|12+|STANDARD|93.7437%|MURASAKi PLUS|N/A
Imitation:Loud Lounge|maimai|EXPERT|12+|STANDARD|98.1833%|MURASAKi|N/A
HERA|maimai|EXPERT|12+|STANDARD|98.7468%|MURASAKi|12.9
Revive The Rave|maimai|EXPERT|12+|STANDARD|97.9999%|PiNK|N/A
D✪N’T ST✪P R✪CKIN’|maimai|EXPERT|11+|STANDARD|99.5093%|N/A
Turn around|maimai|EXPERT|13|STANDARD|98.3036%|maimai PLUS|13.1
Prophesy One|maimai|EXPERT|12|STANDARD|99.9901%|PiNK PLUS|N/A
火炎地獄|maimai|EXPERT|12|STANDARD|98.9111%|GreeN PLUS|12.5
ViRTUS|maimai|EXPERT|13|DX|99.9325%|FESTiVAL|N/A
SUPER AMBULANCE|オンゲキ＆CHUNITHM|EXPERT|12|DX|100.6311%|FESTiVAL|12.0
STARTLINER|オンゲキ＆CHUNITHM|EXPERT|9|DX|100.7946%|maimaiでらっくす|N/A
No Limit RED Force|オンゲキ＆CHUNITHM|EXPERT|9+|DX|98.1125%|UNiVERSE|N/A
ぱくぱく☆がーる|オンゲキ＆CHUNITHM|EXPERT|10|DX|96.7883%|UNiVERSE|N/A
Titania|オンゲキ＆CHUNITHM|EXPERT|12|DX|99.3794%|maimaiでらっくす|N/A
YURUSHITE|オンゲキ＆CHUNITHM|EXPERT|12|DX|98.3253%|Splash|N/A
Desperado Waltz|オンゲキ＆CHUNITHM|EXPERT|11+|DX|99.3296%|Splash|N/A
MEGATON BLAST|オンゲキ＆CHUNITHM|EXPERT|12+|DX|98.2239%|Splash PLUS|N/A
脳天直撃|オンゲキ＆CHUNITHM|EXPERT|12+|DX|99.2011%|UNiVERSE|N/A
LiftOff|オンゲキ＆CHUNITHM|EXPERT|11+|DX|98.1257%|UNiVERSE|N/A
Good bye, Merry-Go-Round.|オンゲキ＆CHUNITHM|EXPERT|12|DX|100.3033%|UNiVERSE PLUS|12.5
管弦楽組曲 第3番 ニ長調「第2曲（G線上のアリア）」BWV.1068-2|オンゲキ＆CHUNITHM|EXPERT|10|DX|97.4484%|maimaiでらっくす|N/A
brilliant better|オンゲキ＆CHUNITHM|EXPERT|11+|STANDARD|97.9819%|PiNK PLUS|N/A
DETARAME ROCK&ROLL THEORY|オンゲキ＆CHUNITHM|EXPERT|11|STANDARD|99.9435%|MURASAKi|N/A
猫祭り|オンゲキ＆CHUNITHM|EXPERT|11+|STANDARD|96.1505%|MiLK|N/A
The wheel to the right|オンゲキ＆CHUNITHM|EXPERT|13|STANDARD|100.1244%|MURASAKi|N/A
Trrricksters!!|オンゲキ＆CHUNITHM|EXPERT|12+|DX|100.6843%|N/A
エンドマークに希望と涙を添えて|オンゲキ＆CHUNITHM|EXPERT|12+|STANDARD|99.5349%|MiLK|N/A
World Vanquisher|オンゲキ＆CHUNITHM|EXPERT|12+|STANDARD|97.7712%|MiLK PLUS|N/A
Xevel|オンゲキ＆CHUNITHM|EXPERT|12+|STANDARD|100.5696%|MiLK PLUS|N/A
怒槌|オンゲキ＆CHUNITHM|EXPERT|13|STANDARD|100.1264%|MiLK PLUS|13.1
TiamaT:F minor|オンゲキ＆CHUNITHM|EXPERT|13|STANDARD|98.8245%|FiNALE|13.1
Kattobi KEIKYU Rider|オンゲキ＆CHUNITHM|EXPERT|13|STANDARD|98.1249%|FiNALE|13.2
玩具狂奏曲 -終焉-|オンゲキ＆CHUNITHM|EXPERT|13|DX|97.9970%|maimaiでらっくす|13.3
BOKUTO|オンゲキ＆CHUNITHM|EXPERT|11|DX|99.8845%|maimaiでらっくす|N/A
立川浄穢捕物帳|オンゲキ＆CHUNITHM|EXPERT|11|DX|100.0635%|maimaiでらっくす|N/A
Climax|オンゲキ＆CHUNITHM|EXPERT|12|DX|98.1980%|Splash|N/A
宛城、炎上！！|オンゲキ＆CHUNITHM|EXPERT|12|DX|98.1198%|Splash|N/A
宿星審判|オンゲキ＆CHUNITHM|EXPERT|12|DX|97.6954%|UNiVERSE|12.2
スピカの天秤|オンゲキ＆CHUNITHM|EXPERT|13|DX|98.2855%|UNiVERSE|N/A
ハードコア・シンドローム|オンゲキ＆CHUNITHM|EXPERT|12+|DX|98.5286%|UNiVERSE|N/A
8-EM|オンゲキ＆CHUNITHM|EXPERT|12|DX|99.5707%|UNiVERSE PLUS|12.5
うっせぇわ|POPS＆ANIME|ADVANCED|7|DX|88.2058%|UNiVERSE|N/A
Shiny Smily Story|POPS＆ANIME|ADVANCED|7|DX|83.4397%|Splash PLUS|N/A
命に嫌われている|niconico＆VOCALOID™|ADVANCED|7|DX|98.4166%|Splash|N/A
裏表ラバーズ|niconico＆VOCALOID™|ADVANCED|8|STANDARD|97.2156%|GreeN|N/A
ロストワードクロニカル|東方Project|ADVANCED|7|DX|92.7199%|Splash PLUS|N/A
竹|GAME＆VARIETY|ADVANCED|8+|DX|90.5039%|UNiVERSE|N/A
Grievous Lady|GAME＆VARIETY|ADVANCED|8|DX|88.9530%|Splash|N/A
Big Daddy|GAME＆VARIETY|ADVANCED|8+|DX|95.1165%|Splash PLUS|N/A
チューリングの跡|maimai|ADVANCED|8|DX|100.6916%|UNiVERSE PLUS|N/A
華の集落、秋のお届け|maimai|ADVANCED|7+|DX|99.4865%|UNiVERSE|N/A
雷切-RAIKIRI-|maimai|ADVANCED|9|STANDARD|100.4400%|FiNALE|N/A
Falsum Atlantis.|オンゲキ＆CHUNITHM|ADVANCED|8|DX|96.4994%|UNiVERSE|N/A
チューリングの跡|maimai|BASIC|4|DX|4.3809%|UNiVERSE PLUS|N/A
雷切-RAIKIRI-|maimai|BASIC|7|STANDARD|100.9264%|FiNALE|N/A
